columns,questions,category,nunique,missing,isdrop,new_name
Q1,What is your gender? - Selected Choice,,5,0,,gender
Q1_OTHER_TEXT,What is your gender? - Prefer to self-describe - Text,,50,0,Drop,
Q2,What is your age (# years)?,,13,0,,age
Q3,In which country do you currently reside?,,59,0,,country
Q4,What is the highest level of formal education that you have attained or plan to attain within the next 2 years?,,8,0,,highest_level_education
Q5,Which best describes your undergraduate major? - Selected Choice,,14,135,,undergraduate_major
Q6,Select the title most similar to your current role (or most recent title if retired): - Selected Choice,,21,0,,current_role_title
Q6_OTHER_TEXT,Select the title most similar to your current role (or most recent title if retired): - Other - Text,,728,0,Drop,
Q7,In what industry is your current employer/contract (or your most recent employer if retired)? - Selected Choice,,20,0,,current_industry
Q7_OTHER_TEXT,In what industry is your current employer/contract (or your most recent employer if retired)? - Other - Text,,480,0,Drop,
Q8,How many years of experience do you have in your current role?,,12,76,,years_of_experience
Q9,What is your current yearly compensation (approximate $USD)?,,14339,0,,compensation
Q10,Does your current employer incorporate machine learning methods into their business?,,7,292,,incorporate_ML_business
Q11_Part_1,Select any activities that make up an important part of your role at work: (Select all that apply) - Selected Choice - Analyze and understand data to influence product or business decisions,Analyze and understand data to influence product or business decisions,2,7966,,Q11_understand_data_influence
Q11_Part_2,Select any activities that make up an important part of your role at work: (Select all that apply) - Selected Choice - Build and/or run a machine learning service that operationally improves my product or workflows,Build and/or run a machine learning service that operationally improves my product or workflows,2,11186,,Q11_build_run_ML_services_improves_product_workflow
Q11_Part_3,"Select any activities that make up an important part of your role at work: (Select all that apply) - Selected Choice - Build and/or run the data infrastructure that my business uses for storing, analyzing, and operationalizing data","Build and/or run the data infrastructure that my business uses for storing, analyzing, and operationalizing data",2,11278,,Q11_build_run_data_infra_store_analyze_operation
Q11_Part_4,Select any activities that make up an important part of your role at work: (Select all that apply) - Selected Choice - Build prototypes to explore applying machine learning to new areas,Build prototypes to explore applying machine learning to new areas,2,9705,,Q11_explore_ML
Q11_Part_5,Select any activities that make up an important part of your role at work: (Select all that apply) - Selected Choice - Do research that advances the state of the art of machine learning,Do research that advances the state of the art of machine learning,2,11845,,Q11_research_in_ML
Q11_Part_6,Select any activities that make up an important part of your role at work: (Select all that apply) - Selected Choice - None of these activities are an important part of my role at work,None of these activities are an important part of my role at work,2,12914,,Q11_no_activities
Q11_Part_7,Select any activities that make up an important part of your role at work: (Select all that apply) - Selected Choice - Other,Other,2,14758,,Q11_other
Q11_OTHER_TEXT,Select any activities that make up an important part of your role at work: (Select all that apply) - Other - Text,,316,0,Drop,
Q12_MULTIPLE_CHOICE,What is the primary tool that you use at work or school to analyze data? (include text response) - Selected Choice,,7,1572,,data_analysis_tool
Q12_Part_1_TEXT,"What is the primary tool that you use at work or school to analyze data? (include text response) - Basic statistical software (Microsoft Excel, Google Sheets, etc.) - Text",,883,0,Drop,
Q12_Part_2_TEXT,"What is the primary tool that you use at work or school to analyze data? (include text response) - Advanced statistical software (SPSS, SAS, etc.) - Text",,415,0,Drop,
Q12_Part_3_TEXT,"What is the primary tool that you use at work or school to analyze data? (include text response) - Business intelligence software (Salesforce, Tableau, Spotfire, etc.) - Text",,412,0,Drop,
Q12_Part_4_TEXT,"What is the primary tool that you use at work or school to analyze data? (include text response) - Local or hosted development environments (RStudio, JupyterLab, etc.) - Text",,2714,0,Drop,
Q12_Part_5_TEXT,"What is the primary tool that you use at work or school to analyze data? (include text response) - Cloud-based data software & APIs (AWS, GCP, Azure, etc.) - Text",,474,0,Drop,
Q12_OTHER_TEXT,What is the primary tool that you use at work or school to analyze data? (include text response) - Other - Text,,849,0,Drop,
Q13_Part_1,Which of the following integrated development environments (IDE's) have you used at work or school in the last 5 years? (Select all that apply) - Selected Choice - Jupyter/IPython,Jupyter/IPython,2,5177,,Q13_IDE_jupyter
Q13_Part_2,Which of the following integrated development environments (IDE's) have you used at work or school in the last 5 years? (Select all that apply) - Selected Choice - RStudio,RStudio,2,9066,,Q13_IDE_RStudio
Q13_Part_3,Which of the following integrated development environments (IDE's) have you used at work or school in the last 5 years? (Select all that apply) - Selected Choice - PyCharm,PyCharm,2,10238,,Q13_IDE_PyCharm
Q13_Part_4,Which of the following integrated development environments (IDE's) have you used at work or school in the last 5 years? (Select all that apply) - Selected Choice - Visual Studio Code,Visual Studio Code,2,11755,,Q13_IDE_VSCode
Q13_Part_5,Which of the following integrated development environments (IDE's) have you used at work or school in the last 5 years? (Select all that apply) - Selected Choice - nteract,nteract,2,15325,,Q13_IDE_ nteract
Q13_Part_6,Which of the following integrated development environments (IDE's) have you used at work or school in the last 5 years? (Select all that apply) - Selected Choice - Atom,Atom,2,12525,,Q13_IDE_Atom
Q13_Part_7,Which of the following integrated development environments (IDE's) have you used at work or school in the last 5 years? (Select all that apply) - Selected Choice - MATLAB,MATLAB,2,11535,,Q13_IDE_MatLab
Q13_Part_8,Which of the following integrated development environments (IDE's) have you used at work or school in the last 5 years? (Select all that apply) - Selected Choice - Visual Studio,Visual Studio,2,11839,,Q13_IDE_VS
Q13_Part_9,Which of the following integrated development environments (IDE's) have you used at work or school in the last 5 years? (Select all that apply) - Selected Choice - Notepad++,Notepad++,2,9747,,Q13_IDE_NPP
Q13_Part_10,Which of the following integrated development environments (IDE's) have you used at work or school in the last 5 years? (Select all that apply) - Selected Choice - Sublime Text,Sublime Text,2,11002,,Q13_IDE_SublimeText
Q13_Part_11,Which of the following integrated development environments (IDE's) have you used at work or school in the last 5 years? (Select all that apply) - Selected Choice - Vim,Vim,2,12199,,Q13_IDE_Vim
Q13_Part_12,Which of the following integrated development environments (IDE's) have you used at work or school in the last 5 years? (Select all that apply) - Selected Choice - IntelliJ,IntelliJ,2,12908,,Q13_IDE_ IntelliJ
Q13_Part_13,Which of the following integrated development environments (IDE's) have you used at work or school in the last 5 years? (Select all that apply) - Selected Choice - Spyder,Spyder,2,11580,,Q13_IDE_Spyder
Q13_Part_14,Which of the following integrated development environments (IDE's) have you used at work or school in the last 5 years? (Select all that apply) - Selected Choice - None,None,2,15100,,Q13_IDE_None
Q13_Part_15,Which of the following integrated development environments (IDE's) have you used at work or school in the last 5 years? (Select all that apply) - Selected Choice - Other,Other,2,14487,,Q13_IDE_Other
Q13_OTHER_TEXT,Which of the following integrated development environments (IDE's) have you used at work or school in the last 5 years? (Select all that apply) - Other - Text,,436,0,Drop,
Q14_Part_1,Which of the following hosted notebooks have you used at work or school in the last 5 years? (Select all that apply) - Selected Choice - Kaggle Kernels,Kaggle Kernels,2,11075,,Q14_Hosted_Notebook_Kaggle
Q14_Part_2,Which of the following hosted notebooks have you used at work or school in the last 5 years? (Select all that apply) - Selected Choice - Google Colab,Google Colab,2,12866,,Q14_Hosted_Notebook_GoogleColab
Q14_Part_3,Which of the following hosted notebooks have you used at work or school in the last 5 years? (Select all that apply) - Selected Choice - Azure Notebook,Azure Notebook,2,14463,,Q14_Hosted_Notebook_AzureNotebook
Q14_Part_4,Which of the following hosted notebooks have you used at work or school in the last 5 years? (Select all that apply) - Selected Choice - Domino Datalab,Domino Datalab,2,15330,,Q14_Hosted_Notebook_DominoDatalab
Q14_Part_5,Which of the following hosted notebooks have you used at work or school in the last 5 years? (Select all that apply) - Selected Choice - Google Cloud Datalab,Google Cloud Datalab,2,14477,,Q14_Hosted_Notebook_GoogleCloudDatalab
Q14_Part_6,Which of the following hosted notebooks have you used at work or school in the last 5 years? (Select all that apply) - Selected Choice - Paperspace,Paperspace,2,15071,,Q14_Hosted_Notebook_PaperSpace
Q14_Part_7,Which of the following hosted notebooks have you used at work or school in the last 5 years? (Select all that apply) - Selected Choice - Floydhub,Floydhub,2,15170,,Q14_Hosted_Notebook_Floydhub
Q14_Part_8,Which of the following hosted notebooks have you used at work or school in the last 5 years? (Select all that apply) - Selected Choice - Crestle,Crestle,2,15326,,Q14_Hosted_Notebook_Crestle
Q14_Part_9,Which of the following hosted notebooks have you used at work or school in the last 5 years? (Select all that apply) - Selected Choice - JupyterHub/Binder,JupyterHub/Binder,2,11850,,Q14_Hosted_Notebook_JupyterHub
Q14_Part_10,Which of the following hosted notebooks have you used at work or school in the last 5 years? (Select all that apply) - Selected Choice - None,None,2,9943,,Q14_Hosted_Notebook_None
Q14_Part_11,Which of the following hosted notebooks have you used at work or school in the last 5 years? (Select all that apply) - Selected Choice - Other,Other,2,14918,,Q14_Hosted_Notebook_Other
Q14_OTHER_TEXT,Which of the following hosted notebooks have you used at work or school in the last 5 years? (Select all that apply) - Other - Text,,264,0,Drop,
Q15_Part_1,Which of the following cloud computing services have you used at work or school in the last 5 years? (Select all that apply) - Selected Choice - Google Cloud Platform (GCP),Google Cloud Platform (GCP),2,11832,,Q15_Cloud_Services_GCP
Q15_Part_2,Which of the following cloud computing services have you used at work or school in the last 5 years? (Select all that apply) - Selected Choice - Amazon Web Services (AWS),Amazon Web Services (AWS),2,9573,,Q15_Cloud_Services_AWS
Q15_Part_3,Which of the following cloud computing services have you used at work or school in the last 5 years? (Select all that apply) - Selected Choice - Microsoft Azure,Microsoft Azure,2,12496,,Q15_Cloud_Services_Azure
Q15_Part_4,Which of the following cloud computing services have you used at work or school in the last 5 years? (Select all that apply) - Selected Choice - IBM Cloud,IBM Cloud,2,14552,,Q15_Cloud_Services_IBM
Q15_Part_5,Which of the following cloud computing services have you used at work or school in the last 5 years? (Select all that apply) - Selected Choice - Alibaba Cloud,Alibaba Cloud,2,15067,,Q15_Cloud_Services_Alibaba
Q15_Part_6,Which of the following cloud computing services have you used at work or school in the last 5 years? (Select all that apply) - Selected Choice - I have not used any cloud providers,I have not used any cloud providers,2,10679,,Q15_Cloud_Services_None
Q15_Part_7,Which of the following cloud computing services have you used at work or school in the last 5 years? (Select all that apply) - Selected Choice - Other,Other,2,14848,,Q15_Cloud_Services_Other
Q15_OTHER_TEXT,Which of the following cloud computing services have you used at work or school in the last 5 years? (Select all that apply) - Other - Text,,328,0,Drop,
Q16_Part_1,What programming languages do you use on a regular basis? (Select all that apply) - Selected Choice - Python,Python,2,4080,,Q16_PL_Python
Q16_Part_2,What programming languages do you use on a regular basis? (Select all that apply) - Selected Choice - R,R,2,10445,,Q16_PL_R
Q16_Part_3,What programming languages do you use on a regular basis? (Select all that apply) - Selected Choice - SQL,SQL,2,9210,,Q16_PL_SQL
Q16_Part_4,What programming languages do you use on a regular basis? (Select all that apply) - Selected Choice - Bash,Bash,2,13293,,Q16_PL_Bash
Q16_Part_5,What programming languages do you use on a regular basis? (Select all that apply) - Selected Choice - Java,Java,2,12740,,Q16_PL_Java
Q16_Part_6,What programming languages do you use on a regular basis? (Select all that apply) - Selected Choice - Javascript/Typescript,Javascript/Typescript,2,13043,,Q16_PL_JSTS
Q16_Part_7,What programming languages do you use on a regular basis? (Select all that apply) - Selected Choice - Visual Basic/VBA,Visual Basic/VBA,2,14463,,Q16_PL_VBA
Q16_Part_8,What programming languages do you use on a regular basis? (Select all that apply) - Selected Choice - C/C++,C/C++,2,12603,,Q16_PL_CCPP
Q16_Part_9,What programming languages do you use on a regular basis? (Select all that apply) - Selected Choice - MATLAB,MATLAB,2,13673,,Q16_PL_Matlab
Q16_Part_10,What programming languages do you use on a regular basis? (Select all that apply) - Selected Choice - Scala,Scala,2,14788,,Q16_PL_Scala
Q16_Part_11,What programming languages do you use on a regular basis? (Select all that apply) - Selected Choice - Julia,Julia,2,15260,,Q16_PL_Julia
Q16_Part_12,What programming languages do you use on a regular basis? (Select all that apply) - Selected Choice - Go,Go,2,15142,,Q16_PL_Go
Q16_Part_13,What programming languages do you use on a regular basis? (Select all that apply) - Selected Choice - C#/.NET,C#/.NET,2,14234,,Q16_PL_CSharp
Q16_Part_14,What programming languages do you use on a regular basis? (Select all that apply) - Selected Choice - PHP,PHP,2,14589,,Q16_PL_PHP
Q16_Part_15,What programming languages do you use on a regular basis? (Select all that apply) - Selected Choice - Ruby,Ruby,2,15180,,Q16_PL_Ruby
Q16_Part_16,What programming languages do you use on a regular basis? (Select all that apply) - Selected Choice - SAS/STATA,SAS/STATA,2,14626,,Q16_PL_SAS
Q16_Part_17,What programming languages do you use on a regular basis? (Select all that apply) - Selected Choice - None,None,2,15196,,Q16_PL_None
Q16_Part_18,What programming languages do you use on a regular basis? (Select all that apply) - Selected Choice - Other,Other,2,14963,,Q16_PL_Other
Q16_OTHER_TEXT,What programming languages do you use on a regular basis? (Select all that apply) - Other - Text,,273,0,Drop,
Q17,What specific programming language do you use most often? - Selected Choice,,18,4341,,Q17_Most_Used_PL
Q17_OTHER_TEXT,What specific programming language do you use most often? - Other - Text,,68,0,Drop,
Q18,What programming language would you recommend an aspiring data scientist to learn first? - Selected Choice,,14,1822,,Q18_Recommend_PL_DS
Q18_OTHER_TEXT,What programming language would you recommend an aspiring data scientist to learn first? - Other - Text,,90,0,Drop,
Q19_Part_1,What machine learning frameworks have you used in the past 5 years? (Select all that apply) - Selected Choice - Scikit-Learn,Scikit-Learn,2,6355,,Q19_ML_Framework_sklearn
Q19_Part_2,What machine learning frameworks have you used in the past 5 years? (Select all that apply) - Selected Choice - TensorFlow,TensorFlow,2,8075,,Q19_ML_Framework_TensorFlow
Q19_Part_3,What machine learning frameworks have you used in the past 5 years? (Select all that apply) - Selected Choice - Keras,Keras,2,9365,,Q19_ML_Framework_Keras
Q19_Part_4,What machine learning frameworks have you used in the past 5 years? (Select all that apply) - Selected Choice - PyTorch,PyTorch,2,12602,,Q19_ML_Framework_PyTorch
Q19_Part_5,What machine learning frameworks have you used in the past 5 years? (Select all that apply) - Selected Choice - Spark MLlib,Spark MLlib,2,13761,,Q19_ML_Framework_Spark
Q19_Part_6,What machine learning frameworks have you used in the past 5 years? (Select all that apply) - Selected Choice - H20,H20,2,14354,,Q19_ML_Framework_H2O
Q19_Part_7,What machine learning frameworks have you used in the past 5 years? (Select all that apply) - Selected Choice - Fastai,Fastai,2,14575,,Q19_ML_Framework_FastAI
Q19_Part_8,What machine learning frameworks have you used in the past 5 years? (Select all that apply) - Selected Choice - Mxnet,Mxnet,2,14952,,Q19_ML_Framework_MxNet
Q19_Part_9,What machine learning frameworks have you used in the past 5 years? (Select all that apply) - Selected Choice - Caret,Caret,2,13664,,Q19_ML_Framework_Caret
Q19_Part_10,What machine learning frameworks have you used in the past 5 years? (Select all that apply) - Selected Choice - Xgboost,Xgboost,2,11128,,Q19_ML_Framework_XGBoost
Q19_Part_11,What machine learning frameworks have you used in the past 5 years? (Select all that apply) - Selected Choice - mlr,mlr,2,15012,,Q19_ML_Framework_MLR
Q19_Part_12,What machine learning frameworks have you used in the past 5 years? (Select all that apply) - Selected Choice - Prophet,Prophet,2,14821,,Q19_ML_Framework_Prophet
Q19_Part_13,What machine learning frameworks have you used in the past 5 years? (Select all that apply) - Selected Choice - randomForest,randomForest,2,10952,,Q19_ML_Framework_RandomForest
Q19_Part_14,What machine learning frameworks have you used in the past 5 years? (Select all that apply) - Selected Choice - lightgbm,lightgbm,2,13805,,Q19_ML_Framework_LightGBM
Q19_Part_15,What machine learning frameworks have you used in the past 5 years? (Select all that apply) - Selected Choice - catboost,catboost,2,14632,,Q19_ML_Framework_CatBoost
Q19_Part_16,What machine learning frameworks have you used in the past 5 years? (Select all that apply) - Selected Choice - CNTK,CNTK,2,14879,,Q19_ML_Framework_CNTK
Q19_Part_17,What machine learning frameworks have you used in the past 5 years? (Select all that apply) - Selected Choice - Caffe,Caffe,2,14600,,Q19_ML_Framework_Caffe
Q19_Part_18,What machine learning frameworks have you used in the past 5 years? (Select all that apply) - Selected Choice - None,None,2,13453,,Q19_ML_Framework_None
Q19_Part_19,What machine learning frameworks have you used in the past 5 years? (Select all that apply) - Selected Choice - Other,Other,2,15032,,Q19_ML_Framework_Other
Q19_OTHER_TEXT,What machine learning frameworks have you used in the past 5 years? (Select all that apply) - Other - Text,,255,0,Drop,
Q20,"Of the choices that you selected in the previous question, which ML library have you used the most? - Selected Choice",,19,5769,,Q20_Most_Used_ML_Framework
Q20_OTHER_TEXT,"Of the choices that you selected in the previous question, which ML library have you used the most? - Other - Text",,71,0,Drop,
Q21_Part_1,What data visualization libraries or tools have you used in the past 5 years? (Select all that apply) - Selected Choice - ggplot2,ggplot2,2,9536,,Q21_Vis_Lib_GGPLOT
Q21_Part_2,What data visualization libraries or tools have you used in the past 5 years? (Select all that apply) - Selected Choice - Matplotlib,Matplotlib,2,5668,,Q21_Vis_Lib_Matplotlib
Q21_Part_3,What data visualization libraries or tools have you used in the past 5 years? (Select all that apply) - Selected Choice - Altair,Altair,2,15256,,Q21_Vis_Lib_Altair
Q21_Part_4,What data visualization libraries or tools have you used in the past 5 years? (Select all that apply) - Selected Choice - Shiny,Shiny,2,13274,,Q21_Vis_Lib_Shiny
Q21_Part_5,What data visualization libraries or tools have you used in the past 5 years? (Select all that apply) - Selected Choice - D3,D3,2,13630,,Q21_Vis_Lib_D3
Q21_Part_6,What data visualization libraries or tools have you used in the past 5 years? (Select all that apply) - Selected Choice - Plotly,Plotly,2,11101,,Q21_Vis_Lib_Plotty
Q21_Part_7,What data visualization libraries or tools have you used in the past 5 years? (Select all that apply) - Selected Choice - Bokeh,Bokeh,2,13891,,Q21_Vis_Lib_Bokeh
Q21_Part_8,What data visualization libraries or tools have you used in the past 5 years? (Select all that apply) - Selected Choice - Seaborn,Seaborn,2,9573,,Q21_Vis_Lib_Seaborn
Q21_Part_9,What data visualization libraries or tools have you used in the past 5 years? (Select all that apply) - Selected Choice - Geoplotlib,Geoplotlib,2,14885,,Q21_Vis_Lib_Geoplotlib
Q21_Part_10,What data visualization libraries or tools have you used in the past 5 years? (Select all that apply) - Selected Choice - Leaflet,Leaflet,2,14584,,Q21_Vis_Lib_Leaflet
Q21_Part_11,What data visualization libraries or tools have you used in the past 5 years? (Select all that apply) - Selected Choice - Lattice,Lattice,2,14750,,Q21_Vis_Lib_Lattice
Q21_Part_12,What data visualization libraries or tools have you used in the past 5 years? (Select all that apply) - Selected Choice - None,None,2,14153,,Q21_Vis_Lib_None
Q21_Part_13,What data visualization libraries or tools have you used in the past 5 years? (Select all that apply) - Selected Choice - Other,Other,2,14990,,Q21_Vis_Lib_Other
Q21_OTHER_TEXT,What data visualization libraries or tools have you used in the past 5 years? (Select all that apply) - Other - Text,,260,0,Drop,
Q22,"Of the choices that you selected in the previous question, which specific data visualization library or tool have you used the most? - Selected Choice",,13,6243,,Q22_Most_Used_Vis_Lib
Q22_OTHER_TEXT,"Of the choices that you selected in the previous question, which specific data visualization library or tool have you used the most? - Other - Text",,61,0,Drop,
Q23,Approximately what percent of your time at work or school is spent actively coding?,,7,1968,,Q23_Coding_Time
Q24,How long have you been writing code to analyze data?,,11,1988,,Q24_Data_Analysis_Coding_Experience
Q25,For how many years have you used machine learning methods (at work or in school)?,,11,2014,,Q25_ML_Method_Used_Duration
Q26,Do you consider yourself to be a data scientist?,,6,2023,,Q26_Consider_Data_Scientist
Q27_Part_1,Which of the following cloud computing products have you used at work or school in the last 5 years (Select all that apply)? - Selected Choice - AWS Elastic Compute Cloud (EC2),AWS Elastic Compute Cloud (EC2),2,12211,,Q27_Cloud_Products_EC2
Q27_Part_2,Which of the following cloud computing products have you used at work or school in the last 5 years (Select all that apply)? - Selected Choice - Google Compute Engine,Google Compute Engine,2,13676,,Q27_Cloud_Products_GCE
Q27_Part_3,Which of the following cloud computing products have you used at work or school in the last 5 years (Select all that apply)? - Selected Choice - AWS Elastic Beanstalk,AWS Elastic Beanstalk,2,14796,,Q27_Cloud_Products_AWS_Beanstalk
Q27_Part_4,Which of the following cloud computing products have you used at work or school in the last 5 years (Select all that apply)? - Selected Choice - Google App Engine,Google App Engine,2,14364,,Q27_Cloud_Products_GAE
Q27_Part_5,Which of the following cloud computing products have you used at work or school in the last 5 years (Select all that apply)? - Selected Choice - Google Kubernetes Engine,Google Kubernetes Engine,2,14944,,Q27_Cloud_Products_GKE
Q27_Part_6,Which of the following cloud computing products have you used at work or school in the last 5 years (Select all that apply)? - Selected Choice - AWS Lambda,AWS Lambda,2,14019,,Q27_Cloud_Products_AWS_Lambda
Q27_Part_7,Which of the following cloud computing products have you used at work or school in the last 5 years (Select all that apply)? - Selected Choice - Google Cloud Functions,Google Cloud Functions,2,14520,,Q27_Cloud_Products_GCF
Q27_Part_8,Which of the following cloud computing products have you used at work or school in the last 5 years (Select all that apply)? - Selected Choice - AWS Batch,AWS Batch,2,15038,,Q27_Cloud_Products_AWS_Batch
Q27_Part_9,Which of the following cloud computing products have you used at work or school in the last 5 years (Select all that apply)? - Selected Choice - Azure Virtual Machines,Azure Virtual Machines,2,14261,,Q27_Cloud_Products_Azure_VM
Q27_Part_10,Which of the following cloud computing products have you used at work or school in the last 5 years (Select all that apply)? - Selected Choice - Azure Container Service,Azure Container Service,2,15065,,Q27_Cloud_Products_Azure_Container_Services
Q27_Part_11,Which of the following cloud computing products have you used at work or school in the last 5 years (Select all that apply)? - Selected Choice - Azure Functions,Azure Functions,2,14983,,Q27_Cloud_Products_Azure_Functions
Q27_Part_12,Which of the following cloud computing products have you used at work or school in the last 5 years (Select all that apply)? - Selected Choice - Azure Event Grid,Azure Event Grid,2,15335,,Q27_Cloud_Products_Azure_Event_Grid
Q27_Part_13,Which of the following cloud computing products have you used at work or school in the last 5 years (Select all that apply)? - Selected Choice - Azure Batch,Azure Batch,2,15248,,Q27_Cloud_Products_Azure_Batch
Q27_Part_14,Which of the following cloud computing products have you used at work or school in the last 5 years (Select all that apply)? - Selected Choice - Azure Kubernetes Service,Azure Kubernetes Service,2,15238,,Q27_Cloud_Products_Azure_KS
Q27_Part_15,Which of the following cloud computing products have you used at work or school in the last 5 years (Select all that apply)? - Selected Choice - IBM Cloud Virtual Servers,IBM Cloud Virtual Servers,2,15182,,Q27_Cloud_Products_IBM_VS
Q27_Part_16,Which of the following cloud computing products have you used at work or school in the last 5 years (Select all that apply)? - Selected Choice - IBM Cloud Container Registry,IBM Cloud Container Registry,2,15301,,Q27_Cloud_Products_IBM_CCR
Q27_Part_17,Which of the following cloud computing products have you used at work or school in the last 5 years (Select all that apply)? - Selected Choice - IBM Cloud Kubernetes Service,IBM Cloud Kubernetes Service,2,15308,,Q27_Cloud_Products_IBM_CKS
Q27_Part_18,Which of the following cloud computing products have you used at work or school in the last 5 years (Select all that apply)? - Selected Choice - IBM Cloud Foundry,IBM Cloud Foundry,2,15183,,Q27_Cloud_Products_IBM_CF
Q27_Part_19,Which of the following cloud computing products have you used at work or school in the last 5 years (Select all that apply)? - Selected Choice - None,None,2,12885,,Q27_Cloud_Products_None
Q27_Part_20,Which of the following cloud computing products have you used at work or school in the last 5 years (Select all that apply)? - Selected Choice - Other,Other,2,15115,,Q27_Cloud_Products_Other
Q27_OTHER_TEXT,Which of the following cloud computing products have you used at work or school in the last 5 years (Select all that apply)? - Other - Text,,221,0,Drop,
Q28_Part_1,Which of the following machine learning products have you used at work or school in the last 5 years? (Select all that apply) - Selected Choice - Amazon Transcribe,Amazon Transcribe,2,15334,,Q28_MP_Product_Amazon_Transcribe
Q28_Part_2,Which of the following machine learning products have you used at work or school in the last 5 years? (Select all that apply) - Selected Choice - Google Cloud Speech-to-text API,Google Cloud Speech-to-text API,2,14955,,Q28_MP_Product_Google_STT
Q28_Part_3,Which of the following machine learning products have you used at work or school in the last 5 years? (Select all that apply) - Selected Choice - Amazon Rekognition,Amazon Rekognition,2,15184,,Q28_MP_Product_Amazon_Rekognition
Q28_Part_4,Which of the following machine learning products have you used at work or school in the last 5 years? (Select all that apply) - Selected Choice - Google Cloud Vision API,Google Cloud Vision API,2,14913,,Q28_MP_Product_Google_Vision
Q28_Part_5,Which of the following machine learning products have you used at work or school in the last 5 years? (Select all that apply) - Selected Choice - Amazon Comprehend,Amazon Comprehend,2,15314,,Q28_MP_Product_Amazon_Comprehend
Q28_Part_6,Which of the following machine learning products have you used at work or school in the last 5 years? (Select all that apply) - Selected Choice - Google Cloud Natural Language API,Google Cloud Natural Language API,2,14937,,Q28_MP_Product_Google_NLP
Q28_Part_7,Which of the following machine learning products have you used at work or school in the last 5 years? (Select all that apply) - Selected Choice - Amazon Translate,Amazon Translate,2,15303,,Q28_MP_Product_Amazon_Translate
Q28_Part_8,Which of the following machine learning products have you used at work or school in the last 5 years? (Select all that apply) - Selected Choice - Google Cloud Translation API,Google Cloud Translation API,2,15028,,Q28_MP_Product_Google_Translation
Q28_Part_9,Which of the following machine learning products have you used at work or school in the last 5 years? (Select all that apply) - Selected Choice - Amazon Lex,Amazon Lex,2,15261,,Q28_MP_Product_Amazon_Lex
Q28_Part_10,Which of the following machine learning products have you used at work or school in the last 5 years? (Select all that apply) - Selected Choice - Google Dialogflow Enterprise Edition,Google Dialogflow Enterprise Edition,2,15293,,Q28_MP_Product_Google_DialogFlow
Q28_Part_11,Which of the following machine learning products have you used at work or school in the last 5 years? (Select all that apply) - Selected Choice - Amazon Rekognition Video,Amazon Rekognition Video,2,15325,,Q28_MP_Product_Amazon_Rekognition_Video
Q28_Part_12,Which of the following machine learning products have you used at work or school in the last 5 years? (Select all that apply) - Selected Choice - Google Cloud Video Intelligence API,Google Cloud Video Intelligence API,2,15302,,Q28_MP_Product_Google_Video_Intel
Q28_Part_13,Which of the following machine learning products have you used at work or school in the last 5 years? (Select all that apply) - Selected Choice - Google Cloud AutoML,Google Cloud AutoML,2,15091,,Q28_MP_Product_Google_AutoML
Q28_Part_14,Which of the following machine learning products have you used at work or school in the last 5 years? (Select all that apply) - Selected Choice - Amazon SageMaker,Amazon SageMaker,2,15013,,Q28_MP_Product_Amazon_SageMaker
Q28_Part_15,Which of the following machine learning products have you used at work or school in the last 5 years? (Select all that apply) - Selected Choice - Google Cloud Machine Learning Engine,Google Cloud Machine Learning Engine,2,14890,,Q28_MP_Product_Google_ML_Engine
Q28_Part_16,Which of the following machine learning products have you used at work or school in the last 5 years? (Select all that apply) - Selected Choice - DataRobot,DataRobot,2,15210,,Q28_MP_Product_DataRobot
Q28_Part_17,Which of the following machine learning products have you used at work or school in the last 5 years? (Select all that apply) - Selected Choice - H20 Driverless AI,H20 Driverless AI,2,15185,,Q28_MP_Product_H2O
Q28_Part_18,Which of the following machine learning products have you used at work or school in the last 5 years? (Select all that apply) - Selected Choice - Domino Datalab,Domino Datalab,2,15359,,Q28_MP_Product_Domino_Datalab
Q28_Part_19,Which of the following machine learning products have you used at work or school in the last 5 years? (Select all that apply) - Selected Choice - SAS,SAS,2,14726,,Q28_MP_Product_SAS
Q28_Part_20,Which of the following machine learning products have you used at work or school in the last 5 years? (Select all that apply) - Selected Choice - Dataiku,Dataiku,2,15232,,Q28_MP_Product_Dataiku
Q28_Part_21,Which of the following machine learning products have you used at work or school in the last 5 years? (Select all that apply) - Selected Choice - RapidMiner,RapidMiner,2,14957,,Q28_MP_Product_RapidMiner
Q28_Part_22,Which of the following machine learning products have you used at work or school in the last 5 years? (Select all that apply) - Selected Choice - Instabase,Instabase,2,15413,,Q28_MP_Product_Instabase
Q28_Part_23,Which of the following machine learning products have you used at work or school in the last 5 years? (Select all that apply) - Selected Choice - Algorithmia,Algorithmia,2,15336,,Q28_MP_Product_Algorithmia
Q28_Part_24,Which of the following machine learning products have you used at work or school in the last 5 years? (Select all that apply) - Selected Choice - Dataversity,Dataversity,2,15406,,Q28_MP_Product_Dataversity
Q28_Part_25,Which of the following machine learning products have you used at work or school in the last 5 years? (Select all that apply) - Selected Choice - Cloudera,Cloudera,2,14765,,Q28_MP_Product_Cloudera
Q28_Part_26,Which of the following machine learning products have you used at work or school in the last 5 years? (Select all that apply) - Selected Choice - Azure Machine Learning Studio,Azure Machine Learning Studio,2,14819,,Q28_MP_Product_Azure_ML_Studio
Q28_Part_27,Which of the following machine learning products have you used at work or school in the last 5 years? (Select all that apply) - Selected Choice - Azure Machine Learning Workbench,Azure Machine Learning Workbench,2,15077,,Q28_MP_Product_Azure_ML_Workbench
Q28_Part_28,Which of the following machine learning products have you used at work or school in the last 5 years? (Select all that apply) - Selected Choice - Azure Cortana Intelligence Suite,Azure Cortana Intelligence Suite,2,15299,,Q28_MP_Product_Azure_Cortana
Q28_Part_29,Which of the following machine learning products have you used at work or school in the last 5 years? (Select all that apply) - Selected Choice - Azure Bing Speech API,Azure Bing Speech API,2,15325,,Q28_MP_Product_Azure_Being_Speech
Q28_Part_30,Which of the following machine learning products have you used at work or school in the last 5 years? (Select all that apply) - Selected Choice - Azure Speaker Recognition API,Azure Speaker Recognition API,2,15333,,Q28_MP_Product_Azure_Speaker_Recognition
Q28_Part_31,Which of the following machine learning products have you used at work or school in the last 5 years? (Select all that apply) - Selected Choice - Azure Computer Vision API,Azure Computer Vision API,2,15221,,Q28_MP_Product_Azure_CV
Q28_Part_32,Which of the following machine learning products have you used at work or school in the last 5 years? (Select all that apply) - Selected Choice - Azure Face API,Azure Face API,2,15278,,Q28_MP_Product_Azure_Face
Q28_Part_33,Which of the following machine learning products have you used at work or school in the last 5 years? (Select all that apply) - Selected Choice - Azure Video API,Azure Video API,2,15361,,Q28_MP_Product_Azure_Video
Q28_Part_34,Which of the following machine learning products have you used at work or school in the last 5 years? (Select all that apply) - Selected Choice - IBM Watson Studio,IBM Watson Studio,2,15075,,Q28_MP_Product_IBM_Watson
Q28_Part_35,Which of the following machine learning products have you used at work or school in the last 5 years? (Select all that apply) - Selected Choice - IBM Watson Knowledge Catalog,IBM Watson Knowledge Catalog,2,15277,,Q28_MP_Product_IBM_Watson_Knowledge
Q28_Part_36,Which of the following machine learning products have you used at work or school in the last 5 years? (Select all that apply) - Selected Choice - IBM Watson Assistant,IBM Watson Assistant,2,15180,,Q28_MP_Product_IBM_Watson_Assistant
Q28_Part_37,Which of the following machine learning products have you used at work or school in the last 5 years? (Select all that apply) - Selected Choice - IBM Watson Discovery,IBM Watson Discovery,2,15237,,Q28_MP_Product_IBM_Watson_Discovery
Q28_Part_38,Which of the following machine learning products have you used at work or school in the last 5 years? (Select all that apply) - Selected Choice - IBM Watson Text to Speech,IBM Watson Text to Speech,2,15201,,Q28_MP_Product_IBM_Watson_TTS
Q28_Part_39,Which of the following machine learning products have you used at work or school in the last 5 years? (Select all that apply) - Selected Choice - IBM Watson Visual Recognition,IBM Watson Visual Recognition,2,15268,,Q28_MP_Product_IBM_Watson_Visual
Q28_Part_40,Which of the following machine learning products have you used at work or school in the last 5 years? (Select all that apply) - Selected Choice - IBM Watson Machine Learning,IBM Watson Machine Learning,2,15048,,Q28_MP_Product_IBM_Watson_ML
Q28_Part_41,Which of the following machine learning products have you used at work or school in the last 5 years? (Select all that apply) - Selected Choice - Azure Cognitive Services,Azure Cognitive Services,2,15166,,Q28_MP_Product_Azure_Cognitive
Q28_Part_42,Which of the following machine learning products have you used at work or school in the last 5 years? (Select all that apply) - Selected Choice - None,None,2,11261,,Q28_MP_Product_None
Q28_Part_43,Which of the following machine learning products have you used at work or school in the last 5 years? (Select all that apply) - Selected Choice - Other,Other,2,15232,,Q28_MP_Product_Other
Q28_OTHER_TEXT,Which of the following machine learning products have you used at work or school in the last 5 years? (Select all that apply) - Other - Text,,137,0,Drop,
Q29_Part_1,Which of the following relational database products have you used at work or school in the last 5 years? (Select all that apply) - Selected Choice - AWS Relational Database Service,AWS Relational Database Service,2,14642,,Q29_RDS_Product_AWS_Rational
Q29_Part_2,Which of the following relational database products have you used at work or school in the last 5 years? (Select all that apply) - Selected Choice - AWS Aurora,AWS Aurora,2,15145,,Q29_RDS_Product_AWS_Aurora
Q29_Part_3,Which of the following relational database products have you used at work or school in the last 5 years? (Select all that apply) - Selected Choice - Google Cloud SQL,Google Cloud SQL,2,14941,,Q29_RDS_Product_Google_SQL
Q29_Part_4,Which of the following relational database products have you used at work or school in the last 5 years? (Select all that apply) - Selected Choice - Google Cloud Spanner,Google Cloud Spanner,2,15344,,Q29_RDS_Product_Google_Spanner
Q29_Part_5,Which of the following relational database products have you used at work or school in the last 5 years? (Select all that apply) - Selected Choice - AWS DynamoDB,AWS DynamoDB,2,14821,,Q29_RDS_Product_AWS_DynamoDB
Q29_Part_6,Which of the following relational database products have you used at work or school in the last 5 years? (Select all that apply) - Selected Choice - Google Cloud Datastore,Google Cloud Datastore,2,15047,,Q29_RDS_Product_Google_Datastore
Q29_Part_7,Which of the following relational database products have you used at work or school in the last 5 years? (Select all that apply) - Selected Choice - Google Cloud Bigtable,Google Cloud Bigtable,2,14997,,Q29_RDS_Product_Google_Bigtable
Q29_Part_8,Which of the following relational database products have you used at work or school in the last 5 years? (Select all that apply) - Selected Choice - AWS SimpleDB,AWS SimpleDB,2,15269,,Q29_RDS_Product_AWS_SimpleDB
Q29_Part_9,Which of the following relational database products have you used at work or school in the last 5 years? (Select all that apply) - Selected Choice - Microsoft SQL Server,Microsoft SQL Server,2,12889,,Q29_RDS_Product_MSSQL
Q29_Part_10,Which of the following relational database products have you used at work or school in the last 5 years? (Select all that apply) - Selected Choice - MySQL,MySQL,2,10576,,Q29_RDS_Product_MySQL
Q29_Part_11,Which of the following relational database products have you used at work or school in the last 5 years? (Select all that apply) - Selected Choice - PostgresSQL,PostgresSQL,2,12215,,Q29_RDS_Product_PostgresSQL
Q29_Part_12,Which of the following relational database products have you used at work or school in the last 5 years? (Select all that apply) - Selected Choice - SQLite,SQLite,2,12470,,Q29_RDS_Product_SQLite
Q29_Part_13,Which of the following relational database products have you used at work or school in the last 5 years? (Select all that apply) - Selected Choice - Oracle Database,Oracle Database,2,13495,,Q29_RDS_Product_Oracle
Q29_Part_14,Which of the following relational database products have you used at work or school in the last 5 years? (Select all that apply) - Selected Choice - Ingres,Ingres,2,15384,,Q29_RDS_Product_Ingres
Q29_Part_15,Which of the following relational database products have you used at work or school in the last 5 years? (Select all that apply) - Selected Choice - Microsoft Access,Microsoft Access,2,14366,,Q29_RDS_Product_MSAccess
Q29_Part_16,Which of the following relational database products have you used at work or school in the last 5 years? (Select all that apply) - Selected Choice - NexusDB,NexusDB,2,15401,,Q29_RDS_Product_NexusDB
Q29_Part_17,Which of the following relational database products have you used at work or school in the last 5 years? (Select all that apply) - Selected Choice - SAP IQ,SAP IQ,2,15369,,Q29_RDS_Product_SAPIQ
Q29_Part_18,Which of the following relational database products have you used at work or school in the last 5 years? (Select all that apply) - Selected Choice - Google Fusion Tables,Google Fusion Tables,2,15332,,Q29_RDS_Product_Google_FusionTables
Q29_Part_19,Which of the following relational database products have you used at work or school in the last 5 years? (Select all that apply) - Selected Choice - Azure Database for MySQL,Azure Database for MySQL,2,15233,,Q29_RDS_Product_Azure_MySQL
Q29_Part_20,Which of the following relational database products have you used at work or school in the last 5 years? (Select all that apply) - Selected Choice - Azure Cosmos DB,Azure Cosmos DB,2,15252,,Q29_RDS_Product_Azure_CosmosDB
Q29_Part_21,Which of the following relational database products have you used at work or school in the last 5 years? (Select all that apply) - Selected Choice - Azure SQL Database,Azure SQL Database,2,14887,,Q29_RDS_Product_Azure_SQL
Q29_Part_22,Which of the following relational database products have you used at work or school in the last 5 years? (Select all that apply) - Selected Choice - Azure Database for PostgreSQL,Azure Database for PostgreSQL,2,15320,,Q29_RDS_Product_Azure_PostgreSQL
Q29_Part_23,Which of the following relational database products have you used at work or school in the last 5 years? (Select all that apply) - Selected Choice - IBM Cloud Compose,IBM Cloud Compose,2,15381,,Q29_RDS_Product_IBM_Compose
Q29_Part_24,Which of the following relational database products have you used at work or school in the last 5 years? (Select all that apply) - Selected Choice - IBM Cloud Compose for MySQL,IBM Cloud Compose for MySQL,2,15386,,Q29_RDS_Product_IBM_Compose_MySQL
Q29_Part_25,Which of the following relational database products have you used at work or school in the last 5 years? (Select all that apply) - Selected Choice - IBM Cloud Compose for PostgreSQL,IBM Cloud Compose for PostgreSQL,2,15389,,Q29_RDS_Product_IBM_Compose_PostgreSQL
Q29_Part_26,Which of the following relational database products have you used at work or school in the last 5 years? (Select all that apply) - Selected Choice - IBM Cloud Db2,IBM Cloud Db2,2,15228,,Q29_RDS_Product_IBM_DB2
Q29_Part_27,Which of the following relational database products have you used at work or school in the last 5 years? (Select all that apply) - Selected Choice - None,None,2,14437,,Q29_RDS_Product_None
Q29_Part_28,Which of the following relational database products have you used at work or school in the last 5 years? (Select all that apply) - Selected Choice - Other,Other,2,14954,,Q29_RDS_Product_Other
Q29_OTHER_TEXT,Which of the following relational database products have you used at work or school in the last 5 years? (Select all that apply) - Other - Text,,238,0,Drop,
Q30_Part_1,Which of the following big data and analytics products have you used at work or school in the last 5 years? (Select all that apply) - Selected Choice - AWS Elastic MapReduce,AWS Elastic MapReduce,2,14900,,Q30_Big_Data_Product_AWS_MapReduce
Q30_Part_2,Which of the following big data and analytics products have you used at work or school in the last 5 years? (Select all that apply) - Selected Choice - AWS Batch,AWS Batch,2,15252,,Q30_Big_Data_Product_AWS_Batch
Q30_Part_3,Which of the following big data and analytics products have you used at work or school in the last 5 years? (Select all that apply) - Selected Choice - Google Cloud Dataproc,Google Cloud Dataproc,2,15238,,Q30_Big_Data_Product_Google_Dataproc
Q30_Part_4,Which of the following big data and analytics products have you used at work or school in the last 5 years? (Select all that apply) - Selected Choice - Google Cloud Dataflow,Google Cloud Dataflow,2,15111,,Q30_Big_Data_Product_Google_Dataflow
Q30_Part_5,Which of the following big data and analytics products have you used at work or school in the last 5 years? (Select all that apply) - Selected Choice - Google Cloud Dataprep,Google Cloud Dataprep,2,15259,,Q30_Big_Data_Product_Google_Dataprep
Q30_Part_6,Which of the following big data and analytics products have you used at work or school in the last 5 years? (Select all that apply) - Selected Choice - AWS Kinesis,AWS Kinesis,2,15138,,Q30_Big_Data_Product_AWS_Kinesis
Q30_Part_7,Which of the following big data and analytics products have you used at work or school in the last 5 years? (Select all that apply) - Selected Choice - Google Cloud Pub/Sub,Google Cloud Pub/Sub,2,15208,,Q30_Big_Data_Product_Google_Pub
Q30_Part_8,Which of the following big data and analytics products have you used at work or school in the last 5 years? (Select all that apply) - Selected Choice - AWS Athena,AWS Athena,2,15091,,Q30_Big_Data_Product_AWS_Athena
Q30_Part_9,Which of the following big data and analytics products have you used at work or school in the last 5 years? (Select all that apply) - Selected Choice - AWS Redshift,AWS Redshift,2,14596,,Q30_Big_Data_Product_AWS_Redshift
Q30_Part_10,Which of the following big data and analytics products have you used at work or school in the last 5 years? (Select all that apply) - Selected Choice - Google BigQuery,Google BigQuery,2,14416,,Q30_Big_Data_Product_Google_BigQuery
Q30_Part_11,Which of the following big data and analytics products have you used at work or school in the last 5 years? (Select all that apply) - Selected Choice - Teradata,Teradata,2,14931,,Q30_Big_Data_Product_Teradata
Q30_Part_12,Which of the following big data and analytics products have you used at work or school in the last 5 years? (Select all that apply) - Selected Choice - Microsoft Analysis Services,Microsoft Analysis Services,2,15090,,Q30_Big_Data_Product_MS_Analysis
Q30_Part_13,Which of the following big data and analytics products have you used at work or school in the last 5 years? (Select all that apply) - Selected Choice - Oracle Exadata,Oracle Exadata,2,15259,,Q30_Big_Data_Product_Oracle_Exadata
Q30_Part_14,Which of the following big data and analytics products have you used at work or school in the last 5 years? (Select all that apply) - Selected Choice - Oracle Warehouse Builder,Oracle Warehouse Builder,2,15328,,Q30_Big_Data_Product_Oracle_Warehouse
Q30_Part_15,Which of the following big data and analytics products have you used at work or school in the last 5 years? (Select all that apply) - Selected Choice - SAP IQ,SAP IQ,2,15381,,Q30_Big_Data_Product_SAPIQ
Q30_Part_16,Which of the following big data and analytics products have you used at work or school in the last 5 years? (Select all that apply) - Selected Choice - Snowflake,Snowflake,2,15221,,Q30_Big_Data_Product_Snowflake
Q30_Part_17,Which of the following big data and analytics products have you used at work or school in the last 5 years? (Select all that apply) - Selected Choice - Databricks,Databricks,2,14713,,Q30_Big_Data_Product_Databricks
Q30_Part_18,Which of the following big data and analytics products have you used at work or school in the last 5 years? (Select all that apply) - Selected Choice - Azure SQL Data Warehouse,Azure SQL Data Warehouse,2,15200,,Q30_Big_Data_Product_Azure_SQL_Warehouse
Q30_Part_19,Which of the following big data and analytics products have you used at work or school in the last 5 years? (Select all that apply) - Selected Choice - Azure HDInsight,Azure HDInsight,2,15229,,Q30_Big_Data_Product_Azure_HDInsight
Q30_Part_20,Which of the following big data and analytics products have you used at work or school in the last 5 years? (Select all that apply) - Selected Choice - Azure Stream Analytics,Azure Stream Analytics,2,15289,,Q30_Big_Data_Product_Azure_Stream
Q30_Part_21,Which of the following big data and analytics products have you used at work or school in the last 5 years? (Select all that apply) - Selected Choice - IBM InfoSphere DataStorage,IBM InfoSphere DataStorage,2,15381,,Q30_Big_Data_Product_IBM_InfoSphere
Q30_Part_22,Which of the following big data and analytics products have you used at work or school in the last 5 years? (Select all that apply) - Selected Choice - IBM Cloud Analytics Engine,IBM Cloud Analytics Engine,2,15324,,Q30_Big_Data_Product_IBM_Engine
Q30_Part_23,Which of the following big data and analytics products have you used at work or school in the last 5 years? (Select all that apply) - Selected Choice - IBM Cloud Streaming Analytics,IBM Cloud Streaming Analytics,2,15368,,Q30_Big_Data_Product_IBM_Streaming
Q30_Part_24,Which of the following big data and analytics products have you used at work or school in the last 5 years? (Select all that apply) - Selected Choice - None,None,2,11370,,Q30_Big_Data_Product_None
Q30_Part_25,Which of the following big data and analytics products have you used at work or school in the last 5 years? (Select all that apply) - Selected Choice - Other,Other,2,15214,,Q30_Big_Data_Product_Other
Q30_OTHER_TEXT,Which of the following big data and analytics products have you used at work or school in the last 5 years? (Select all that apply) - Other - Text,,152,0,Drop,
Q31_Part_1,Which types of data do you currently interact with most often at work or school? (Select all that apply) - Selected Choice - Audio Data,Audio Data,2,14757,,Q31_Data_Audio
Q31_Part_2,Which types of data do you currently interact with most often at work or school? (Select all that apply) - Selected Choice - Categorical Data,Categorical Data,2,9265,,Q31_Data_Categorical
Q31_Part_3,Which types of data do you currently interact with most often at work or school? (Select all that apply) - Selected Choice - Genetic Data,Genetic Data,2,14641,,Q31_Data_Genetic
Q31_Part_4,Which types of data do you currently interact with most often at work or school? (Select all that apply) - Selected Choice - Geospatial Data,Geospatial Data,2,13648,,Q31_Data_Geospatial
Q31_Part_5,Which types of data do you currently interact with most often at work or school? (Select all that apply) - Selected Choice - Image Data,Image Data,2,11680,,Q31_Data_Image
Q31_Part_6,Which types of data do you currently interact with most often at work or school? (Select all that apply) - Selected Choice - Numerical Data,Numerical Data,2,7228,,Q31_Data_Numerical
Q31_Part_7,Which types of data do you currently interact with most often at work or school? (Select all that apply) - Selected Choice - Sensor Data,Sensor Data,2,13535,,Q31_Data_Sensor
Q31_Part_8,Which types of data do you currently interact with most often at work or school? (Select all that apply) - Selected Choice - Tabular Data,Tabular Data,2,9792,,Q31_Data_Tabular
Q31_Part_9,Which types of data do you currently interact with most often at work or school? (Select all that apply) - Selected Choice - Text Data,Text Data,2,8979,,Q31_Data_Text
Q31_Part_10,Which types of data do you currently interact with most often at work or school? (Select all that apply) - Selected Choice - Time Series Data,Time Series Data,2,9453,,Q31_Data_Time_Series
Q31_Part_11,Which types of data do you currently interact with most often at work or school? (Select all that apply) - Selected Choice - Video Data,Video Data,2,14449,,Q31_Data_Video
Q31_Part_12,Which types of data do you currently interact with most often at work or school? (Select all that apply) - Selected Choice - Other Data,Other Data,2,15131,,Q31_Data_Other
Q31_OTHER_TEXT,Which types of data do you currently interact with most often at work or school? (Select all that apply) - Other Data - Text,,169,0,Drop,
Q32,What is the type of data that you currently interact with most often at work or school? - Selected Choice,,13,5125,,Q32_Most_Used_Data
Q32_OTHER,What is the type of data that you currently interact with most often at work or school? - Other Data - Text,,43,0,Drop,
Q33_Part_1,Where do you find public datasets? (Select all that apply) - Selected Choice - Government websites,Government websites,2,11785,Drop,
Q33_Part_2,Where do you find public datasets? (Select all that apply) - Selected Choice - University research group websites,University research group websites,2,12405,Drop,
Q33_Part_3,Where do you find public datasets? (Select all that apply) - Selected Choice - Non-profit research group websites,Non-profit research group websites,2,13356,Drop,
Q33_Part_4,"Where do you find public datasets? (Select all that apply) - Selected Choice - Dataset aggregator/platform (Socrata, Kaggle Public Datasets Platform, etc.)","Dataset aggregator/platform (Socrata, Kaggle Public Datasets Platform, etc.)",2,9569,Drop,
Q33_Part_5,"Where do you find public datasets? (Select all that apply) - Selected Choice - I collect my own data (web-scraping, etc.)","I collect my own data (web-scraping, etc.)",2,11439,Drop,
Q33_Part_6,Where do you find public datasets? (Select all that apply) - Selected Choice - Publicly released data from private companies,Publicly released data from private companies,2,13165,Drop,
Q33_Part_7,Where do you find public datasets? (Select all that apply) - Selected Choice - Google Search,Google Search,2,10289,Drop,
Q33_Part_8,Where do you find public datasets? (Select all that apply) - Selected Choice - Google Dataset Search,Google Dataset Search,2,12826,Drop,
Q33_Part_9,Where do you find public datasets? (Select all that apply) - Selected Choice - GitHub,GitHub,2,11083,Drop,
Q33_Part_10,Where do you find public datasets? (Select all that apply) - Selected Choice - None/I do not work with public data,None/I do not work with public data,2,13822,Drop,
Q33_Part_11,Where do you find public datasets? (Select all that apply) - Selected Choice - Other,Other,2,15111,Drop,
Q33_OTHER_TEXT,Where do you find public datasets? (Select all that apply) - Other - Text,,219,0,Drop,
Q34_Part_1,"During a typical data science project at work or school, approximately what proportion of your time is devoted to the following? (Answers must add up to 100%) - Gathering data",,116,3664,,Q34_Time_Spent_Gathering
Q34_Part_2,"During a typical data science project at work or school, approximately what proportion of your time is devoted to the following? (Answers must add up to 100%) - Cleaning data",,126,3664,,Q34_Time_Spent_Cleaning
Q34_Part_3,"During a typical data science project at work or school, approximately what proportion of your time is devoted to the following? (Answers must add up to 100%) - Visualizing data",,100,3664,,Q34_Time_Spent_Visualizing
Q34_Part_4,"During a typical data science project at work or school, approximately what proportion of your time is devoted to the following? (Answers must add up to 100%) - Model building/model selection",,122,3664,,Q34_Time_Spent_Model_Building
Q34_Part_5,"During a typical data science project at work or school, approximately what proportion of your time is devoted to the following? (Answers must add up to 100%) - Putting the model into production",,93,3664,,Q34_Time_Spent_Deployment
Q34_Part_6,"During a typical data science project at work or school, approximately what proportion of your time is devoted to the following? (Answers must add up to 100%) - Finding insights in the data and communicating with stakeholders",,122,3664,,Q34_Time_Spent_Communication
Q34_OTHER_TEXT,"During a typical data science project at work or school, approximately what proportion of your time is devoted to the following? (Answers must add up to 100%) - Other",,115,0,Drop,
Q35_Part_1,What percentage of your current machine learning/data science training falls under each category? (Answers must add up to 100%) - Self-taught,,112,3785,,Q35_Data_Science_Training_Self
Q35_Part_2,"What percentage of your current machine learning/data science training falls under each category? (Answers must add up to 100%) - Online courses (Coursera, Udemy, edX, etc.)",,115,3785,,Q35_Data_Science_Training_Online
Q35_Part_3,What percentage of your current machine learning/data science training falls under each category? (Answers must add up to 100%) - Work,,117,3785,,Q35_Data_Science_Training_Work
Q35_Part_4,What percentage of your current machine learning/data science training falls under each category? (Answers must add up to 100%) - University,,107,3785,,Q35_Data_Science_Training_University
Q35_Part_5,What percentage of your current machine learning/data science training falls under each category? (Answers must add up to 100%) - Kaggle competitions,,90,3785,,Q35_Data_Science_Training_Kaggle
Q35_Part_6,What percentage of your current machine learning/data science training falls under each category? (Answers must add up to 100%) - Other,,69,3785,,Q35_Data_Science_Training_Other
Q35_OTHER_TEXT,What percentage of your current machine learning/data science training falls under each category? (Answers must add up to 100%) - Other - Text,,289,0,Drop,
Q36_Part_1,On which online platforms have you begun or completed data science courses? (Select all that apply) - Selected Choice - Udacity,Udacity,2,12583,Drop,
Q36_Part_2,On which online platforms have you begun or completed data science courses? (Select all that apply) - Selected Choice - Coursera,Coursera,2,8534,Drop,
Q36_Part_3,On which online platforms have you begun or completed data science courses? (Select all that apply) - Selected Choice - edX,edX,2,12665,Drop,
Q36_Part_4,On which online platforms have you begun or completed data science courses? (Select all that apply) - Selected Choice - DataCamp,DataCamp,2,12204,Drop,
Q36_Part_5,On which online platforms have you begun or completed data science courses? (Select all that apply) - Selected Choice - DataQuest,DataQuest,2,14902,Drop,
Q36_Part_6,On which online platforms have you begun or completed data science courses? (Select all that apply) - Selected Choice - Kaggle Learn,Kaggle Learn,2,12544,Drop,
Q36_Part_7,On which online platforms have you begun or completed data science courses? (Select all that apply) - Selected Choice - Fast.AI,Fast.AI,2,14205,Drop,
Q36_Part_8,On which online platforms have you begun or completed data science courses? (Select all that apply) - Selected Choice - developers.google.com,developers.google.com,2,14680,Drop,
Q36_Part_9,On which online platforms have you begun or completed data science courses? (Select all that apply) - Selected Choice - Udemy,Udemy,2,12164,Drop,
Q36_Part_10,On which online platforms have you begun or completed data science courses? (Select all that apply) - Selected Choice - TheSchool.AI,TheSchool.AI,2,15248,Drop,
Q36_Part_11,On which online platforms have you begun or completed data science courses? (Select all that apply) - Selected Choice - Online University Courses,Online University Courses,2,14007,Drop,
Q36_Part_12,On which online platforms have you begun or completed data science courses? (Select all that apply) - Selected Choice - None,None,2,14056,Drop,
Q36_Part_13,On which online platforms have you begun or completed data science courses? (Select all that apply) - Selected Choice - Other,Other,2,14557,Drop,
Q36_OTHER_TEXT,On which online platforms have you begun or completed data science courses? (Select all that apply) - Other - Text,,510,0,Drop,
Q37,On which online platform have you spent the most amount of time? - Selected Choice,,13,8140,,Q37_Most_Used_Online_Platform
Q37_OTHER_TEXT,On which online platform have you spent the most amount of time? - Other - Text,,190,0,Drop,
Q38_Part_1,Who/what are your favorite media sources that report on data science topics? (Select all that apply) - Selected Choice - Twitter,Twitter,2,13027,Drop,
Q38_Part_2,Who/what are your favorite media sources that report on data science topics? (Select all that apply) - Selected Choice - Hacker News,Hacker News,2,13922,Drop,
Q38_Part_3,Who/what are your favorite media sources that report on data science topics? (Select all that apply) - Selected Choice - r/machinelearning,r/machinelearning,2,13179,Drop,
Q38_Part_4,Who/what are your favorite media sources that report on data science topics? (Select all that apply) - Selected Choice - Kaggle forums,Kaggle forums,2,11460,Drop,
Q38_Part_5,Who/what are your favorite media sources that report on data science topics? (Select all that apply) - Selected Choice - Fastai forums,Fastai forums,2,14841,Drop,
Q38_Part_6,Who/what are your favorite media sources that report on data science topics? (Select all that apply) - Selected Choice - Siraj Raval YouTube Channel,Siraj Raval YouTube Channel,2,14039,Drop,
Q38_Part_7,Who/what are your favorite media sources that report on data science topics? (Select all that apply) - Selected Choice - DataTau News Aggregator,DataTau News Aggregator,2,15253,Drop,
Q38_Part_8,Who/what are your favorite media sources that report on data science topics? (Select all that apply) - Selected Choice - Linear Digressions Podcast,Linear Digressions Podcast,2,14982,Drop,
Q38_Part_9,Who/what are your favorite media sources that report on data science topics? (Select all that apply) - Selected Choice - Cloud AI Adventures (YouTube),Cloud AI Adventures (YouTube),2,15014,Drop,
Q38_Part_10,Who/what are your favorite media sources that report on data science topics? (Select all that apply) - Selected Choice - FiveThirtyEight.com,FiveThirtyEight.com,2,14132,Drop,
Q38_Part_11,Who/what are your favorite media sources that report on data science topics? (Select all that apply) - Selected Choice - ArXiv & Preprints,ArXiv & Preprints,2,12993,Drop,
Q38_Part_12,Who/what are your favorite media sources that report on data science topics? (Select all that apply) - Selected Choice - Journal Publications,Journal Publications,2,13819,Drop,
Q38_Part_13,Who/what are your favorite media sources that report on data science topics? (Select all that apply) - Selected Choice - FastML Blog,FastML Blog,2,14905,Drop,
Q38_Part_14,Who/what are your favorite media sources that report on data science topics? (Select all that apply) - Selected Choice - KDnuggets Blog,KDnuggets Blog,2,13092,Drop,
Q38_Part_15,Who/what are your favorite media sources that report on data science topics? (Select all that apply) - Selected Choice - O'Reilly Data Newsletter,O'Reilly Data Newsletter,2,14258,Drop,
Q38_Part_16,Who/what are your favorite media sources that report on data science topics? (Select all that apply) - Selected Choice - Partially Derivative Podcast,Partially Derivative Podcast,2,15151,Drop,
Q38_Part_17,Who/what are your favorite media sources that report on data science topics? (Select all that apply) - Selected Choice - The Data Skeptic Podcast,The Data Skeptic Podcast,2,14874,Drop,
Q38_Part_18,Who/what are your favorite media sources that report on data science topics? (Select all that apply) - Selected Choice - Medium Blog Posts,Medium Blog Posts,2,11590,Drop,
Q38_Part_19,Who/what are your favorite media sources that report on data science topics? (Select all that apply) - Selected Choice - Towards Data Science Blog,Towards Data Science Blog,1,15429,Drop,
Q38_Part_20,Who/what are your favorite media sources that report on data science topics? (Select all that apply) - Selected Choice - Analytics Vidhya Blog,Analytics Vidhya Blog,1,15429,Drop,
Q38_Part_21,Who/what are your favorite media sources that report on data science topics? (Select all that apply) - Selected Choice - None/I do not know,None/I do not know,2,13282,Drop,
Q38_Part_22,Who/what are your favorite media sources that report on data science topics? (Select all that apply) - Selected Choice - Other,Other,2,14208,Drop,
Q38_OTHER_TEXT,Who/what are your favorite media sources that report on data science topics? (Select all that apply) - Other - Text,,763,0,Drop,
Q39_Part_1,How do you perceive the quality of online learning platforms and in-person bootcamps as compared to the quality of the education provided by traditional brick and mortar institutions? - Online learning platforms and MOOCs:,,7,3699,,Q39_Quality_Learning_Online
Q39_Part_2,How do you perceive the quality of online learning platforms and in-person bootcamps as compared to the quality of the education provided by traditional brick and mortar institutions? - In-person bootcamps:,,7,3699,,Q39_Quality_Learning_InPerson
Q40,Which better demonstrates expertise in data science: academic achievements or independent projects? - Your views:,,7,3763,,Q40_Experties_Data_Science
Q41_Part_1,How do you perceive the importance of the following topics? - Fairness and bias in ML algorithms:,,5,4352,,Q41_IMP_Topic_Bias_ML_Algo
Q41_Part_2,How do you perceive the importance of the following topics? - Being able to explain ML model outputs and/or predictions,,5,4352,,Q41_IMP_Topic_Explain_ML_Models
Q41_Part_3,How do you perceive the importance of the following topics? - Reproducibility in data science,,5,4352,,Q41_IMP_Topic_Reproducability
Q42_Part_1,What metrics do you or your organization use to determine whether or not your models were successful? (Select all that apply) - Selected Choice - Revenue and/or business goals,Revenue and/or business goals,2,10947,,Q42_ML_Metrics_Business_Goals
Q42_Part_2,What metrics do you or your organization use to determine whether or not your models were successful? (Select all that apply) - Selected Choice - Metrics that consider accuracy,Metrics that consider accuracy,2,8950,,Q42_ML_Metrics_Accuracy
Q42_Part_3,What metrics do you or your organization use to determine whether or not your models were successful? (Select all that apply) - Selected Choice - Metrics that consider unfair bias,Metrics that consider unfair bias,2,13375,,Q42_ML_Metrics_Unfair_Bias
Q42_Part_4,What metrics do you or your organization use to determine whether or not your models were successful? (Select all that apply) - Selected Choice - Not applicable (I am not involved with an organization that builds ML models),Not applicable (I am not involved with an organization that builds ML models),2,13329,,Q42_ML_Metrics_None
Q42_Part_5,What metrics do you or your organization use to determine whether or not your models were successful? (Select all that apply) - Selected Choice - Other,Other,2,15217,,Q42_ML_Metrics_Other
Q42_OTHER_TEXT,What metrics do you or your organization use to determine whether or not your models were successful? (Select all that apply) - Other - Text,,167,0,Drop,
Q43,Approximately what percent of your data projects involved exploring unfair bias in the dataset and/or algorithm?,,12,5575,Drop,
Q44_Part_1,What do you find most difficult about ensuring that your algorithms are fair and unbiased? (Select all that apply) - Lack of communication between individuals who collect the data and individuals who analyze the data,,2,12944,Drop,
Q44_Part_2,What do you find most difficult about ensuring that your algorithms are fair and unbiased? (Select all that apply) - Difficulty in identifying groups that are unfairly targeted,,2,12614,Drop,
Q44_Part_3,What do you find most difficult about ensuring that your algorithms are fair and unbiased? (Select all that apply) - Difficulty in collecting enough data about groups that may be unfairly targeted,,2,11442,Drop,
Q44_Part_4,What do you find most difficult about ensuring that your algorithms are fair and unbiased? (Select all that apply) - Difficulty in identifying and selecting the appropriate evaluation metrics,,2,11977,Drop,
Q44_Part_5,What do you find most difficult about ensuring that your algorithms are fair and unbiased? (Select all that apply) - I have never found any difficulty in this task,,2,15085,Drop,
Q44_Part_6,What do you find most difficult about ensuring that your algorithms are fair and unbiased? (Select all that apply) - I have never performed this task,,2,12418,Drop,
Q45_Part_1,In what circumstances would you explore model insights and interpret your model's predictions? (Select all that apply) - Only for very important models that are already in production,,2,14196,Drop,
Q45_Part_2,In what circumstances would you explore model insights and interpret your model's predictions? (Select all that apply) - For all models right before putting the model in production,,2,11846,Drop,
Q45_Part_3,In what circumstances would you explore model insights and interpret your model's predictions? (Select all that apply) - When determining whether it is worth it to put the model into production,,2,11260,Drop,
Q45_Part_4,In what circumstances would you explore model insights and interpret your model's predictions? (Select all that apply) - When building a model that was specifically designed to produce such insights,,2,10958,Drop,
Q45_Part_5,In what circumstances would you explore model insights and interpret your model's predictions? (Select all that apply) - When first exploring a new ML model or dataset,,2,11164,Drop,
Q45_Part_6,In what circumstances would you explore model insights and interpret your model's predictions? (Select all that apply) - I do not explore and interpret model insights and predictions,,2,14387,Drop,
Q46,Approximately what percent of your data projects involve exploring model insights?,,12,5431,,Q46_Time_Spent_Data_Exploring
Q47_Part_1,What methods do you prefer for explaining and/or interpreting decisions that are made by ML models? (Select all that apply) - Selected Choice - Examine individual model coefficients,Examine individual model coefficients,2,12589,Drop,
Q47_Part_2,What methods do you prefer for explaining and/or interpreting decisions that are made by ML models? (Select all that apply) - Selected Choice - Examine feature correlations,Examine feature correlations,2,11189,Drop,
Q47_Part_3,What methods do you prefer for explaining and/or interpreting decisions that are made by ML models? (Select all that apply) - Selected Choice - Examine feature importances,Examine feature importances,2,10717,Drop,
Q47_Part_4,What methods do you prefer for explaining and/or interpreting decisions that are made by ML models? (Select all that apply) - Selected Choice - Plot decision boundaries,Plot decision boundaries,2,12803,Drop,
Q47_Part_5,What methods do you prefer for explaining and/or interpreting decisions that are made by ML models? (Select all that apply) - Selected Choice - Create partial dependence plots,Create partial dependence plots,2,13963,Drop,
Q47_Part_6,What methods do you prefer for explaining and/or interpreting decisions that are made by ML models? (Select all that apply) - Selected Choice - Dimensionality reduction techniques,Dimensionality reduction techniques,2,12084,Drop,
Q47_Part_7,What methods do you prefer for explaining and/or interpreting decisions that are made by ML models? (Select all that apply) - Selected Choice - Attention mapping/saliency mapping,Attention mapping/saliency mapping,2,14691,Drop,
Q47_Part_8,What methods do you prefer for explaining and/or interpreting decisions that are made by ML models? (Select all that apply) - Selected Choice - Plot predicted vs. actual results,Plot predicted vs. actual results,2,9588,Drop,
Q47_Part_9,What methods do you prefer for explaining and/or interpreting decisions that are made by ML models? (Select all that apply) - Selected Choice - Print out a decision tree,Print out a decision tree,2,12632,Drop,
Q47_Part_10,What methods do you prefer for explaining and/or interpreting decisions that are made by ML models? (Select all that apply) - Selected Choice - Sensitivity analysis/perturbation importance,Sensitivity analysis/perturbation importance,2,13030,Drop,
Q47_Part_11,What methods do you prefer for explaining and/or interpreting decisions that are made by ML models? (Select all that apply) - Selected Choice - LIME functions,LIME functions,2,14673,Drop,
Q47_Part_12,What methods do you prefer for explaining and/or interpreting decisions that are made by ML models? (Select all that apply) - Selected Choice - ELI5 functions,ELI5 functions,2,15017,Drop,
Q47_Part_13,What methods do you prefer for explaining and/or interpreting decisions that are made by ML models? (Select all that apply) - Selected Choice - SHAP functions,SHAP functions,2,14838,Drop,
Q47_Part_14,What methods do you prefer for explaining and/or interpreting decisions that are made by ML models? (Select all that apply) - Selected Choice - None/I do not use these model explanation techniques,None/I do not use these model explanation techniques,2,13982,Drop,
Q47_Part_15,What methods do you prefer for explaining and/or interpreting decisions that are made by ML models? (Select all that apply) - Selected Choice - Other,Other,2,15251,Drop,
Q47_Part_16,What methods do you prefer for explaining and/or interpreting decisions that are made by ML models? (Select all that apply) - Other - Text,,100,15329,Drop,
Q48,"Do you consider ML models to be ""black boxes"" with outputs that are difficult or impossible to explain?",,6,5415,Drop,
Q49_Part_1,What tools and methods do you use to make your work easy to reproduce? (Select all that apply) - Selected Choice - Share code on Github or a similar code-sharing repository,Share code on Github or a similar code-sharing repository,2,11041,Drop,
Q49_Part_2,What tools and methods do you use to make your work easy to reproduce? (Select all that apply) - Selected Choice - Share both data and code on Github or a similar code-sharing repository,Share both data and code on Github or a similar code-sharing repository,2,11930,Drop,
Q49_Part_3,"What tools and methods do you use to make your work easy to reproduce? (Select all that apply) - Selected Choice - Share data, code, and environment using a hosted service (Kaggle Kernels, Google Colaboratory, Amazon SageMaker, etc.)","Share data, code, and environment using a hosted service (Kaggle Kernels, Google Colaboratory, Amazon SageMaker, etc.)",2,13236,Drop,
Q49_Part_4,"What tools and methods do you use to make your work easy to reproduce? (Select all that apply) - Selected Choice - Share data, code, and environment using containers (Docker, etc.)","Share data, code, and environment using containers (Docker, etc.)",2,13285,Drop,
Q49_Part_5,"What tools and methods do you use to make your work easy to reproduce? (Select all that apply) - Selected Choice - Share code, data, and environment using virtual machines (VirtualBox, etc.)","Share code, data, and environment using virtual machines (VirtualBox, etc.)",2,14294,Drop,
Q49_Part_6,What tools and methods do you use to make your work easy to reproduce? (Select all that apply) - Selected Choice - Make sure the code is well documented,Make sure the code is well documented,2,9166,Drop,
Q49_Part_7,What tools and methods do you use to make your work easy to reproduce? (Select all that apply) - Selected Choice - Make sure the code is human-readable,Make sure the code is human-readable,2,9380,Drop,
Q49_Part_8,What tools and methods do you use to make your work easy to reproduce? (Select all that apply) - Selected Choice - Define all random seeds,Define all random seeds,2,11774,Drop,
Q49_Part_9,What tools and methods do you use to make your work easy to reproduce? (Select all that apply) - Selected Choice - Define relative rather than absolute file paths,Define relative rather than absolute file paths,2,12483,Drop,
Q49_Part_10,What tools and methods do you use to make your work easy to reproduce? (Select all that apply) - Selected Choice - Include a text file describing all dependencies,Include a text file describing all dependencies,2,12024,Drop,
Q49_Part_11,What tools and methods do you use to make your work easy to reproduce? (Select all that apply) - Selected Choice - None/I do not make my work easy for others to reproduce,None/I do not make my work easy for others to reproduce,2,14761,Drop,
Q49_Part_12,What tools and methods do you use to make your work easy to reproduce? (Select all that apply) - Selected Choice - Other,Other,2,15262,Drop,
Q49_OTHER_TEXT,What tools and methods do you use to make your work easy to reproduce? (Select all that apply) - Other - Text,,132,0,Drop,
Q50_Part_1,What barriers prevent you from making your work even easier to reuse and reproduce? (Select all that apply) - Selected Choice - Too expensive,Too expensive,2,14421,Drop,
Q50_Part_2,What barriers prevent you from making your work even easier to reuse and reproduce? (Select all that apply) - Selected Choice - Too time-consuming,Too time-consuming,2,10329,Drop,
Q50_Part_3,What barriers prevent you from making your work even easier to reuse and reproduce? (Select all that apply) - Selected Choice - Requires too much technical knowledge,Requires too much technical knowledge,2,13445,Drop,
Q50_Part_4,What barriers prevent you from making your work even easier to reuse and reproduce? (Select all that apply) - Selected Choice - Afraid that others will use my work without giving proper credit,Afraid that others will use my work without giving proper credit,2,13896,Drop,
Q50_Part_5,What barriers prevent you from making your work even easier to reuse and reproduce? (Select all that apply) - Selected Choice - Not enough incentives to share my work,Not enough incentives to share my work,2,12630,Drop,
Q50_Part_6,What barriers prevent you from making your work even easier to reuse and reproduce? (Select all that apply) - Selected Choice - I had never considered making my work easier for others to reproduce,I had never considered making my work easier for others to reproduce,2,14667,Drop,
Q50_Part_7,What barriers prevent you from making your work even easier to reuse and reproduce? (Select all that apply) - Selected Choice - None of these reasons apply to me,None of these reasons apply to me,2,13635,Drop,
Q50_Part_8,What barriers prevent you from making your work even easier to reuse and reproduce? (Select all that apply) - Selected Choice - Other,Other,2,15037,Drop,
Q50_OTHER_TEXT,What barriers prevent you from making your work even easier to reuse and reproduce? (Select all that apply) - Other - Text,,336,0,Drop,
index,,,15429,1,Drop,